<?xml version="1.0" encoding="UTF-8"?>
<!DOCTYPE hibernate-configuration PUBLIC
		"-//Hibernate/Hibernate Configuration DTD 3.0//EN"
		"http://www.hibernate.org/dtd/hibernate-configuration-3.0.dtd">
<hibernate-configuration>
	<session-factory>
		<property name="hibernate.connection.driver_class">com.mysql.jdbc.Driver</property>
		<property name="hibernate.connection.url">jdbc:mysql://localhost:3306/qlcanteen</property>
		<property name="hibernate.connection.username">root</property>
		<property name="hibernate.connection.password">admin</property>
		<property name="hibernate.dialect">org.hibernate.dialect.MySQLDialect</property>
		<property name="show_sql">true</property>
		
		<mapping class="com.APISpring.entities.HoaDon"></mapping>
		<mapping class="com.APISpring.entities.KhachHang"></mapping>
		<mapping class="com.APISpring.entities.LoaiMonAn"></mapping>
		<mapping class="com.APISpring.entities.MonAn"></mapping>
		<mapping class="com.APISpring.entities.NguyenLieu"></mapping>
		<mapping class="com.APISpring.entities.NhanVien"></mapping>
		<mapping class="com.APISpring.entities.TaiKhoanKH"></mapping>
		<mapping class="com.APISpring.entities.TaiKhoanNV"></mapping>
		<mapping class="com.APISpring.entities.CTHoaDon"></mapping>
		<mapping class="com.APISpring.entities.LoaiKhachHang"></mapping>
		<mapping class="com.APISpring.entities.BangChamCong"></mapping>
	</session-factory>
</hibernate-configuration>
