<?xml version="1.0" encoding="UTF-8"?>
<!DOCTYPE hibernate-configuration PUBLIC
		"-//Hibernate/Hibernate Configuration DTD 3.0//EN"
		"http://www.hibernate.org/dtd/hibernate-configuration-3.0.dtd">
<hibernate-configuration>
	<session-factory>
		<property name="hibernate.connection.driver_class">com.mysql.jdbc.Driver</property>
		<property name="hibernate.connection.url">jdbc:mysql://localhost:3306/qlcanteen</property>
		<property name="hibernate.connection.username">root</property>
		<property name="hibernate.connection.password">admin</property>
		<property name="hibernate.dialect">org.hibernate.dialect.MySQLDialect</property>
		<property name="show_sql">true</property>
		
		<mapping class="entities.HoaDon"></mapping>
		<mapping class="entities.KhachHang"></mapping>
		<mapping class="entities.LoaiMonAn"></mapping>
		<mapping class="entities.MonAn"></mapping>
		<mapping class="entities.NguyenLieu"></mapping>
		<mapping class="entities.NhanVien"></mapping>
		<mapping class="entities.TaiKhoanKH"></mapping>
		<mapping class="entities.TaiKhoanNV"></mapping>
		<mapping class="entities.CTHoaDon"></mapping>
		<mapping class="entities.LoaiKhachHang"></mapping>
		<mapping class="entities.BangChamCong"></mapping>
	</session-factory>
</hibernate-configuration>
